timestamp,cpu_usage,ram_usage,job_count
2025-01-01T00:00:00,36.76,46.48,46
2025-01-01T01:00:00,36.46,39.49,42
2025-01-01T02:00:00,37.13,46.26,40
2025-01-01T03:00:00,36.63,41.00,42
2025-01-01T04:00:00,40.90,46.07,47
2025-01-01T05:00:00,34.14,36.93,34
2025-01-01T06:00:00,42.59,45.71,59
2025-01-01T07:00:00,54.18,49.23,76
2025-01-01T08:00:00,50.84,49.85,77
2025-01-01T09:00:00,72.45,64.46,127
2025-01-01T10:00:00,78.73,70.01,122
2025-01-01T11:00:00,72.36,59.94,128
2025-01-01T12:00:00,75.64,69.34,136
2025-01-01T13:00:00,76.69,68.93,133
2025-01-01T14:00:00,71.00,72.66,141
2025-01-01T15:00:00,80.06,70.39,132
2025-01-01T16:00:00,66.94,61.07,127
2025-01-01T17:00:00,67.57,64.37,123
2025-01-01T18:00:00,66.08,63.69,120
2025-01-01T19:00:00,44.44,45.27,69
2025-01-01T20:00:00,53.50,48.43,70
2025-01-01T21:00:00,34.95,48.60,56
2025-01-01T22:00:00,35.51,40.78,45
2025-01-01T23:00:00,31.00,38.68,31
2025-01-02T00:00:00,29.52,38.75,34
2025-01-02T01:00:00,35.51,39.65,30
2025-01-02T02:00:00,30.53,38.63,31
2025-01-02T03:00:00,27.77,38.22,24
2025-01-02T04:00:00,30.51,44.59,43
2025-01-02T05:00:00,42.91,41.80,45
2025-01-02T06:00:00,45.63,41.89,52
2025-01-02T07:00:00,53.03,47.31,68
2025-01-02T08:00:00,52.27,52.81,80
2025-01-02T09:00:00,66.70,62.50,111
2025-01-02T10:00:00,67.91,62.32,123
2025-01-02T11:00:00,76.40,66.94,130
2025-01-02T12:00:00,73.62,71.56,138
2025-01-02T13:00:00,81.29,75.42,146
2025-01-02T14:00:00,66.73,69.85,131
2025-01-02T15:00:00,80.69,71.20,140
2025-01-02T16:00:00,74.91,67.81,129
2025-01-02T17:00:00,67.79,65.36,125
2025-01-02T18:00:00,63.32,56.82,106
2025-01-02T19:00:00,54.79,50.81,78
2025-01-02T20:00:00,48.28,46.79,63
2025-01-02T21:00:00,47.49,41.72,60
2025-01-02T22:00:00,33.95,45.87,41
2025-01-02T23:00:00,36.83,39.86,45
2025-01-03T00:00:00,37.65,38.09,38
2025-01-03T01:00:00,36.08,39.91,39
2025-01-03T02:00:00,38.42,42.56,44
2025-01-03T03:00:00,27.93,40.34,39
2025-01-03T04:00:00,34.40,32.67,37
2025-01-03T05:00:00,37.81,45.08,60
2025-01-03T06:00:00,47.64,52.67,72
2025-01-03T07:00:00,47.09,56.28,74
2025-01-03T08:00:00,55.39,53.83,85
2025-01-03T09:00:00,66.85,67.02,128
2025-01-03T10:00:00,77.47,67.32,144
2025-01-03T11:00:00,77.01,62.39,129
2025-01-03T12:00:00,64.83,69.55,123
2025-01-03T13:00:00,77.85,68.95,139
2025-01-03T14:00:00,80.71,69.59,144
2025-01-03T15:00:00,72.90,69.30,132
2025-01-03T16:00:00,73.83,62.12,123
2025-01-03T17:00:00,68.75,65.77,121
2025-01-03T18:00:00,71.14,62.97,124
2025-01-03T19:00:00,56.14,48.88,70
2025-01-03T20:00:00,49.16,47.60,60
2025-01-03T21:00:00,42.27,51.20,65
2025-01-03T22:00:00,33.92,48.72,45
2025-01-03T23:00:00,36.95,42.33,37
2025-01-04T00:00:00,29.21,31.53,24
2025-01-04T01:00:00,34.89,37.15,35
2025-01-04T02:00:00,34.49,38.82,47
2025-01-04T03:00:00,28.30,39.40,32
2025-01-04T04:00:00,39.51,37.78,39
2025-01-04T05:00:00,40.47,35.89,53
2025-01-04T06:00:00,37.88,40.36,49
2025-01-04T07:00:00,48.31,48.07,66
2025-01-04T08:00:00,53.84,48.38,86
2025-01-04T09:00:00,57.99,47.19,91
2025-01-04T10:00:00,61.90,50.31,93
2025-01-04T11:00:00,54.75,51.70,94
2025-01-04T12:00:00,61.42,57.32,104
2025-01-04T13:00:00,62.82,55.71,99
2025-01-04T14:00:00,60.02,52.09,101
2025-01-04T15:00:00,61.57,54.10,93
2025-01-04T16:00:00,65.54,57.16,101
2025-01-04T17:00:00,66.23,51.67,100
2025-01-04T18:00:00,56.00,49.68,86
2025-01-04T19:00:00,54.39,44.29,75
2025-01-04T20:00:00,40.86,38.13,66
2025-01-04T21:00:00,44.60,44.31,60
2025-01-04T22:00:00,40.27,35.80,50
2025-01-04T23:00:00,35.57,40.16,42
2025-01-05T00:00:00,27.45,36.32,36
2025-01-05T01:00:00,34.30,33.33,41
2025-01-05T02:00:00,31.11,36.06,29
2025-01-05T03:00:00,30.92,31.03,33
2025-01-05T04:00:00,32.48,34.08,39
2025-01-05T05:00:00,41.10,37.24,45
2025-01-05T06:00:00,46.90,44.17,70
2025-01-05T07:00:00,39.07,46.08,67
2025-01-05T08:00:00,50.52,46.68,78
2025-01-05T09:00:00,54.94,49.16,85
2025-01-05T10:00:00,51.05,46.10,87
2025-01-05T11:00:00,58.96,55.80,94
2025-01-05T12:00:00,60.67,48.82,99
2025-01-05T13:00:00,65.41,51.69,107
2025-01-05T14:00:00,66.74,52.17,103
2025-01-05T15:00:00,66.71,54.78,104
2025-01-05T16:00:00,55.72,53.48,90
2025-01-05T17:00:00,51.97,47.11,78
2025-01-05T18:00:00,60.53,50.91,85
2025-01-05T19:00:00,46.32,45.88,75
2025-01-05T20:00:00,49.69,46.77,72
2025-01-05T21:00:00,42.00,45.03,59
2025-01-05T22:00:00,36.30,38.17,52
2025-01-05T23:00:00,36.08,40.41,45
2025-01-06T00:00:00,37.98,44.41,49
2025-01-06T01:00:00,31.98,40.05,36
2025-01-06T02:00:00,32.86,40.94,36
2025-01-06T03:00:00,41.31,39.21,32
2025-01-06T04:00:00,36.60,39.76,49
2025-01-06T05:00:00,29.56,40.99,46
2025-01-06T06:00:00,34.08,43.76,53
2025-01-06T07:00:00,48.09,55.41,76
2025-01-06T08:00:00,56.92,57.37,90
2025-01-06T09:00:00,71.46,61.19,122
2025-01-06T10:00:00,86.74,75.40,152
2025-01-06T11:00:00,87.04,74.74,141
2025-01-06T12:00:00,80.99,66.86,131
2025-01-06T13:00:00,81.64,75.43,138
2025-01-06T14:00:00,76.48,63.37,135
2025-01-06T15:00:00,77.98,68.36,137
2025-01-06T16:00:00,68.32,62.06,112
2025-01-06T17:00:00,65.98,60.47,122
2025-01-06T18:00:00,56.21,57.72,104
2025-01-06T19:00:00,52.87,54.66,77
2025-01-06T20:00:00,46.80,44.35,68
2025-01-06T21:00:00,44.47,48.34,49
2025-01-06T22:00:00,25.69,42.52,34
2025-01-06T23:00:00,27.59,40.79,44
2025-01-07T00:00:00,32.91,36.90,28
2025-01-07T01:00:00,42.84,37.96,40
2025-01-07T02:00:00,24.47,35.10,28
2025-01-07T03:00:00,38.70,42.31,44
2025-01-07T04:00:00,30.77,36.29,43
2025-01-07T05:00:00,33.21,39.37,47
2025-01-07T06:00:00,43.61,50.78,69
2025-01-07T07:00:00,40.93,44.99,65
2025-01-07T08:00:00,56.63,50.03,80
2025-01-07T09:00:00,68.47,65.83,129
2025-01-07T10:00:00,72.47,58.13,124
2025-01-07T11:00:00,78.47,74.10,141
2025-01-07T12:00:00,74.92,74.27,139
2025-01-07T13:00:00,73.35,66.90,132
2025-01-07T14:00:00,74.95,64.39,135
2025-01-07T15:00:00,84.12,67.48,135
2025-01-07T16:00:00,75.04,65.81,131
2025-01-07T17:00:00,66.04,63.42,118
2025-01-07T18:00:00,59.81,58.60,102
2025-01-07T19:00:00,48.94,50.41,64
2025-01-07T20:00:00,43.60,44.63,52
2025-01-07T21:00:00,41.93,45.59,53
2025-01-07T22:00:00,41.05,44.16,53
2025-01-07T23:00:00,28.60,33.89,31
2025-01-08T00:00:00,31.11,36.74,42
2025-01-08T01:00:00,34.81,37.86,27
2025-01-08T02:00:00,36.65,39.42,36
2025-01-08T03:00:00,37.30,43.17,54
2025-01-08T04:00:00,34.13,40.08,41
2025-01-08T05:00:00,46.18,49.34,56
2025-01-08T06:00:00,50.47,50.08,69
2025-01-08T07:00:00,52.52,53.10,74
2025-01-08T08:00:00,63.76,55.98,84
2025-01-08T09:00:00,64.39,67.54,121
2025-01-08T10:00:00,63.76,60.32,115
2025-01-08T11:00:00,78.14,65.96,132
2025-01-08T12:00:00,81.72,74.49,145
2025-01-08T13:00:00,69.15,67.24,128
2025-01-08T14:00:00,69.68,69.88,128
2025-01-08T15:00:00,73.80,62.48,131
2025-01-08T16:00:00,70.95,64.96,119
2025-01-08T17:00:00,69.68,65.53,126
2025-01-08T18:00:00,60.45,60.58,112
2025-01-08T19:00:00,52.68,49.90,78
2025-01-08T20:00:00,49.17,48.76,65
2025-01-08T21:00:00,29.65,41.78,53
2025-01-08T22:00:00,31.04,41.53,37
2025-01-08T23:00:00,27.77,38.31,43
2025-01-09T00:00:00,35.99,35.78,35
2025-01-09T01:00:00,35.10,47.67,46
2025-01-09T02:00:00,33.14,34.23,32
2025-01-09T03:00:00,33.84,39.55,47
2025-01-09T04:00:00,40.34,45.11,51
2025-01-09T05:00:00,45.02,43.25,47
2025-01-09T06:00:00,43.20,44.07,66
2025-01-09T07:00:00,57.08,53.61,82
2025-01-09T08:00:00,53.37,51.51,79
2025-01-09T09:00:00,75.92,64.80,125
2025-01-09T10:00:00,73.45,66.07,128
2025-01-09T11:00:00,72.15,69.09,130
2025-01-09T12:00:00,76.43,67.02,132
2025-01-09T13:00:00,82.75,69.22,129
2025-01-09T14:00:00,76.39,65.63,137
2025-01-09T15:00:00,74.02,68.51,131
2025-01-09T16:00:00,70.11,65.27,130
2025-01-09T17:00:00,74.41,68.55,128
2025-01-09T18:00:00,68.22,59.80,109
2025-01-09T19:00:00,48.08,47.41,72
2025-01-09T20:00:00,46.53,46.99,65
2025-01-09T21:00:00,38.76,49.68,57
2025-01-09T22:00:00,32.84,43.25,47
2025-01-09T23:00:00,32.73,46.14,40
2025-01-10T00:00:00,34.44,37.18,25
2025-01-10T01:00:00,39.26,42.74,33
2025-01-10T02:00:00,32.16,33.60,38
2025-01-10T03:00:00,29.45,40.82,39
2025-01-10T04:00:00,35.50,42.13,57
2025-01-10T05:00:00,40.73,45.37,61
2025-01-10T06:00:00,44.84,49.15,59
2025-01-10T07:00:00,51.45,52.11,79
2025-01-10T08:00:00,57.34,54.96,81
2025-01-10T09:00:00,74.24,63.41,126
2025-01-10T10:00:00,64.33,60.50,118
2025-01-10T11:00:00,80.86,63.03,132
2025-01-10T12:00:00,73.84,67.51,134
2025-01-10T13:00:00,77.64,70.19,134
2025-01-10T14:00:00,82.71,69.79,138
2025-01-10T15:00:00,72.69,65.81,134
2025-01-10T16:00:00,73.21,63.34,126
2025-01-10T17:00:00,69.13,65.17,110
2025-01-10T18:00:00,59.22,57.38,107
2025-01-10T19:00:00,47.76,47.75,67
2025-01-10T20:00:00,48.73,45.03,70
2025-01-10T21:00:00,39.45,43.78,48
2025-01-10T22:00:00,34.94,44.75,56
2025-01-10T23:00:00,33.10,40.56,33
2025-01-11T00:00:00,36.05,41.46,43
2025-01-11T01:00:00,30.24,34.14,35
2025-01-11T02:00:00,33.14,32.60,36
2025-01-11T03:00:00,35.46,38.45,46
2025-01-11T04:00:00,33.42,37.99,46
2025-01-11T05:00:00,42.94,40.94,57
2025-01-11T06:00:00,43.46,41.00,65
2025-01-11T07:00:00,48.70,54.92,73
2025-01-11T08:00:00,55.62,57.64,81
2025-01-11T09:00:00,55.42,49.60,91
2025-01-11T10:00:00,57.49,57.68,97
2025-01-11T11:00:00,53.14,54.85,99
2025-01-11T12:00:00,67.51,54.98,101
2025-01-11T13:00:00,61.64,57.47,106
2025-01-11T14:00:00,68.80,61.19,108
2025-01-11T15:00:00,64.44,61.02,111
2025-01-11T16:00:00,63.98,52.21,96
2025-01-11T17:00:00,59.90,48.19,96
2025-01-11T18:00:00,56.30,40.64,79
2025-01-11T19:00:00,56.69,46.25,74
2025-01-11T20:00:00,43.03,41.65,59
2025-01-11T21:00:00,33.95,40.91,51
2025-01-11T22:00:00,35.46,41.25,51
2025-01-11T23:00:00,29.30,35.27,39
2025-01-12T00:00:00,29.33,34.00,31
2025-01-12T01:00:00,38.36,38.98,48
2025-01-12T02:00:00,34.18,35.72,38
2025-01-12T03:00:00,37.03,41.43,46
2025-01-12T04:00:00,38.69,41.05,53
2025-01-12T05:00:00,40.14,39.93,55
2025-01-12T06:00:00,47.00,43.16,63
2025-01-12T07:00:00,38.27,42.44,55
2025-01-12T08:00:00,61.21,52.90,98
2025-01-12T09:00:00,58.57,51.97,93
2025-01-12T10:00:00,61.49,56.55,97
2025-01-12T11:00:00,67.41,53.04,105
2025-01-12T12:00:00,66.20,56.65,108
2025-01-12T13:00:00,58.35,56.10,96
2025-01-12T14:00:00,63.66,49.46,100
2025-01-12T15:00:00,70.25,56.42,110
2025-01-12T16:00:00,53.25,54.29,91
2025-01-12T17:00:00,54.55,56.01,94
2025-01-12T18:00:00,56.95,48.96,83
2025-01-12T19:00:00,43.29,45.67,67
2025-01-12T20:00:00,44.82,42.25,60
2025-01-12T21:00:00,47.82,43.13,58
2025-01-12T22:00:00,38.65,39.59,43
2025-01-12T23:00:00,32.65,34.40,37
2025-01-13T00:00:00,34.53,39.47,42
2025-01-13T01:00:00,28.27,36.62,31
2025-01-13T02:00:00,33.23,33.82,38
2025-01-13T03:00:00,30.20,44.05,43
2025-01-13T04:00:00,35.93,43.38,59
2025-01-13T05:00:00,44.51,48.69,55
2025-01-13T06:00:00,40.53,45.88,73
2025-01-13T07:00:00,39.72,55.28,72
2025-01-13T08:00:00,48.43,48.90,77
2025-01-13T09:00:00,64.19,55.92,108
2025-01-13T10:00:00,73.36,68.54,132
2025-01-13T11:00:00,83.00,67.95,137
2025-01-13T12:00:00,78.26,75.96,143
2025-01-13T13:00:00,75.46,67.77,144
2025-01-13T14:00:00,82.93,65.36,133
2025-01-13T15:00:00,77.42,67.18,141
2025-01-13T16:00:00,71.97,65.88,133
2025-01-13T17:00:00,69.04,65.46,117
2025-01-13T18:00:00,66.43,64.09,113
2025-01-13T19:00:00,54.58,49.93,71
2025-01-13T20:00:00,53.82,51.41,78
2025-01-13T21:00:00,40.54,45.27,52
2025-01-13T22:00:00,27.84,42.70,39
2025-01-13T23:00:00,38.45,37.85,40
2025-01-14T00:00:00,38.45,42.39,44
2025-01-14T01:00:00,33.92,42.17,34
2025-01-14T02:00:00,32.90,40.01,33
2025-01-14T03:00:00,29.99,38.53,39
2025-01-14T04:00:00,32.67,42.73,38
2025-01-14T05:00:00,43.23,49.82,63
2025-01-14T06:00:00,43.21,50.09,62
2025-01-14T07:00:00,47.38,50.96,71
2025-01-14T08:00:00,48.70,49.07,70
2025-01-14T09:00:00,71.75,68.02,122
2025-01-14T10:00:00,73.92,62.03,125
2025-01-14T11:00:00,72.14,67.13,125
2025-01-14T12:00:00,83.60,67.87,129
2025-01-14T13:00:00,77.50,72.14,137
2025-01-14T14:00:00,76.49,67.65,136
2025-01-14T15:00:00,69.68,68.76,125
2025-01-14T16:00:00,80.01,72.43,130
2025-01-14T17:00:00,68.83,61.32,124
2025-01-14T18:00:00,63.24,57.16,103
2025-01-14T19:00:00,50.78,53.26,78
2025-01-14T20:00:00,47.79,48.79,61
2025-01-14T21:00:00,37.61,42.98,54
2025-01-14T22:00:00,32.58,42.78,51
2025-01-14T23:00:00,39.95,47.90,57
2025-01-15T00:00:00,35.30,42.55,38
2025-01-15T01:00:00,33.01,44.40,39
2025-01-15T02:00:00,33.30,46.71,39
2025-01-15T03:00:00,35.43,43.64,43
2025-01-15T04:00:00,40.76,40.69,48
2025-01-15T05:00:00,38.72,42.68,57
2025-01-15T06:00:00,42.95,47.12,63
2025-01-15T07:00:00,46.69,47.76,75
2025-01-15T08:00:00,51.18,48.48,79
2025-01-15T09:00:00,72.01,62.65,128
2025-01-15T10:00:00,71.74,68.15,137
2025-01-15T11:00:00,71.30,72.55,148
2025-01-15T12:00:00,76.53,65.52,137
2025-01-15T13:00:00,76.31,63.14,130
2025-01-15T14:00:00,79.52,68.80,146
2025-01-15T15:00:00,79.81,65.69,132
2025-01-15T16:00:00,75.24,67.92,136
2025-01-15T17:00:00,75.28,58.57,125
2025-01-15T18:00:00,63.61,64.66,108
2025-01-15T19:00:00,60.97,53.64,88
2025-01-15T20:00:00,54.26,50.30,62
2025-01-15T21:00:00,41.60,35.23,40
2025-01-15T22:00:00,30.61,40.52,40
2025-01-15T23:00:00,36.75,40.43,52
2025-01-16T00:00:00,35.13,46.99,47
2025-01-16T01:00:00,35.82,40.69,36
2025-01-16T02:00:00,39.40,42.39,45
2025-01-16T03:00:00,41.11,43.03,50
2025-01-16T04:00:00,31.42,41.36,42
2025-01-16T05:00:00,36.79,44.31,58
2025-01-16T06:00:00,46.13,47.16,70
2025-01-16T07:00:00,53.83,50.00,79
2025-01-16T08:00:00,53.58,54.45,81
2025-01-16T09:00:00,67.57,69.00,120
2025-01-16T10:00:00,78.17,74.05,142
2025-01-16T11:00:00,72.93,63.51,121
2025-01-16T12:00:00,82.58,75.13,149
2025-01-16T13:00:00,77.25,67.64,140
2025-01-16T14:00:00,83.74,71.09,142
2025-01-16T15:00:00,77.78,64.84,141
2025-01-16T16:00:00,77.60,65.74,126
2025-01-16T17:00:00,65.95,66.65,118
2025-01-16T18:00:00,72.13,63.22,124
2025-01-16T19:00:00,50.69,46.11,70
2025-01-16T20:00:00,49.23,46.15,69
2025-01-16T21:00:00,46.63,39.14,56
2025-01-16T22:00:00,41.21,43.59,48
2025-01-16T23:00:00,39.14,46.17,55
2025-01-17T00:00:00,33.20,44.34,42
2025-01-17T01:00:00,39.62,45.74,43
2025-01-17T02:00:00,31.40,35.36,29
2025-01-17T03:00:00,39.37,40.29,46
2025-01-17T04:00:00,37.50,36.56,39
2025-01-17T05:00:00,47.12,41.48,59
2025-01-17T06:00:00,46.20,50.66,58
2025-01-17T07:00:00,52.24,52.90,70
2025-01-17T08:00:00,59.37,53.91,90
2025-01-17T09:00:00,63.53,57.27,109
2025-01-17T10:00:00,77.71,68.14,145
2025-01-17T11:00:00,68.18,72.13,137
2025-01-17T12:00:00,78.51,69.92,137
2025-01-17T13:00:00,75.62,70.71,146
2025-01-17T14:00:00,73.20,66.96,129
2025-01-17T15:00:00,74.47,63.99,129
2025-01-17T16:00:00,76.12,68.32,134
2025-01-17T17:00:00,68.54,68.31,119
2025-01-17T18:00:00,62.84,62.85,114
2025-01-17T19:00:00,44.39,50.63,71
2025-01-17T20:00:00,42.81,45.21,63
2025-01-17T21:00:00,44.20,41.47,58
2025-01-17T22:00:00,38.83,43.24,61
2025-01-17T23:00:00,35.25,43.33,47
2025-01-18T00:00:00,37.44,40.34,45
2025-01-18T01:00:00,40.17,37.51,51
2025-01-18T02:00:00,32.96,34.67,41
2025-01-18T03:00:00,28.21,39.08,36
2025-01-18T04:00:00,31.81,38.15,52
2025-01-18T05:00:00,41.10,40.91,65
2025-01-18T06:00:00,41.90,48.27,66
2025-01-18T07:00:00,51.46,45.39,67
2025-01-18T08:00:00,55.51,50.12,86
2025-01-18T09:00:00,56.78,46.75,82
2025-01-18T10:00:00,61.85,51.82,99
2025-01-18T11:00:00,70.13,55.76,106
2025-01-18T12:00:00,68.89,57.71,109
2025-01-18T13:00:00,67.66,58.99,111
2025-01-18T14:00:00,56.35,54.06,111
2025-01-18T15:00:00,61.20,55.52,97
2025-01-18T16:00:00,68.37,58.02,107
2025-01-18T17:00:00,53.90,49.87,88
2025-01-18T18:00:00,59.20,46.00,87
2025-01-18T19:00:00,51.02,53.98,86
2025-01-18T20:00:00,44.73,48.78,70
2025-01-18T21:00:00,46.97,47.06,67
2025-01-18T22:00:00,52.01,50.85,69
2025-01-18T23:00:00,33.10,37.77,48
2025-01-19T00:00:00,43.92,38.85,45
2025-01-19T01:00:00,36.91,26.49,39
2025-01-19T02:00:00,31.66,36.26,36
2025-01-19T03:00:00,34.70,37.71,38
2025-01-19T04:00:00,50.18,38.24,62
2025-01-19T05:00:00,43.68,38.79,53
2025-01-19T06:00:00,39.51,40.27,59
2025-01-19T07:00:00,53.07,48.15,82
2025-01-19T08:00:00,55.48,48.37,89
2025-01-19T09:00:00,63.83,56.73,94
2025-01-19T10:00:00,59.19,61.18,100
2025-01-19T11:00:00,52.53,54.07,102
2025-01-19T12:00:00,65.26,60.40,108
2025-01-19T13:00:00,60.93,57.30,102
2025-01-19T14:00:00,60.42,57.89,108
2025-01-19T15:00:00,66.84,52.64,108
2025-01-19T16:00:00,60.83,49.33,95
2025-01-19T17:00:00,62.01,56.48,92
2025-01-19T18:00:00,48.65,50.86,83
2025-01-19T19:00:00,52.07,41.42,68
2025-01-19T20:00:00,46.68,44.37,75
2025-01-19T21:00:00,37.02,35.91,41
2025-01-19T22:00:00,24.18,37.24,32
2025-01-19T23:00:00,32.43,36.83,31
2025-01-20T00:00:00,37.03,36.54,28
2025-01-20T01:00:00,31.88,36.16,31
2025-01-20T02:00:00,41.27,43.02,46
2025-01-20T03:00:00,39.16,42.55,52
2025-01-20T04:00:00,42.67,46.16,50
2025-01-20T05:00:00,44.66,49.06,53
2025-01-20T06:00:00,44.00,46.70,67
2025-01-20T07:00:00,37.19,49.07,60
2025-01-20T08:00:00,61.13,58.01,88
2025-01-20T09:00:00,69.04,67.68,126
2025-01-20T10:00:00,81.26,62.72,129
2025-01-20T11:00:00,74.31,66.84,125
2025-01-20T12:00:00,78.06,70.29,141
2025-01-20T13:00:00,76.15,66.57,139
2025-01-20T14:00:00,74.07,68.82,137
2025-01-20T15:00:00,78.03,70.36,137
2025-01-20T16:00:00,71.63,69.98,135
2025-01-20T17:00:00,65.52,63.50,117
2025-01-20T18:00:00,68.30,62.04,122
2025-01-20T19:00:00,52.64,56.16,83
2025-01-20T20:00:00,49.73,53.82,71
2025-01-20T21:00:00,45.58,41.62,57
2025-01-20T22:00:00,33.05,35.24,42
2025-01-20T23:00:00,37.51,38.79,41
2025-01-21T00:00:00,27.85,37.13,34
2025-01-21T01:00:00,33.32,39.39,32
2025-01-21T02:00:00,38.63,44.57,53
2025-01-21T03:00:00,40.90,48.25,53
2025-01-21T04:00:00,34.31,42.07,57
2025-01-21T05:00:00,42.34,47.32,62
2025-01-21T06:00:00,41.34,48.05,63
2025-01-21T07:00:00,45.49,45.02,67
2025-01-21T08:00:00,49.12,53.86,85
2025-01-21T09:00:00,68.60,59.71,117
2025-01-21T10:00:00,66.59,66.89,118
2025-01-21T11:00:00,65.42,71.31,131
2025-01-21T12:00:00,82.26,73.78,146
2025-01-21T13:00:00,78.54,71.48,150
2025-01-21T14:00:00,74.01,59.75,124
2025-01-21T15:00:00,70.99,70.49,136
2025-01-21T16:00:00,73.87,70.49,134
2025-01-21T17:00:00,70.05,64.84,126
2025-01-21T18:00:00,79.76,62.96,125
2025-01-21T19:00:00,44.19,49.98,66
2025-01-21T20:00:00,48.99,51.93,78
2025-01-21T21:00:00,44.30,45.53,58
2025-01-21T22:00:00,36.22,41.37,39
2025-01-21T23:00:00,29.56,46.96,49
2025-01-22T00:00:00,38.21,43.75,41
2025-01-22T01:00:00,39.70,39.01,47
2025-01-22T02:00:00,42.30,45.45,47
2025-01-22T03:00:00,35.17,37.91,39
2025-01-22T04:00:00,37.72,40.07,45
2025-01-22T05:00:00,42.30,50.92,61
2025-01-22T06:00:00,52.07,49.01,71
2025-01-22T07:00:00,50.27,50.88,65
2025-01-22T08:00:00,65.51,55.75,93
2025-01-22T09:00:00,60.55,62.71,110
2025-01-22T10:00:00,65.98,64.41,127
2025-01-22T11:00:00,79.22,61.89,135
2025-01-22T12:00:00,79.75,68.59,141
2025-01-22T13:00:00,74.21,67.35,137
2025-01-22T14:00:00,81.69,67.91,144
2025-01-22T15:00:00,74.16,66.95,136
2025-01-22T16:00:00,69.28,67.35,135
2025-01-22T17:00:00,68.70,67.73,132
2025-01-22T18:00:00,61.77,70.07,117
2025-01-22T19:00:00,53.89,48.55,76
2025-01-22T20:00:00,43.87,47.22,61
2025-01-22T21:00:00,42.35,48.60,43
2025-01-22T22:00:00,42.63,38.36,52
2025-01-22T23:00:00,32.20,43.32,35
2025-01-23T00:00:00,28.15,38.71,38
2025-01-23T01:00:00,35.05,41.13,41
2025-01-23T02:00:00,32.79,39.81,38
2025-01-23T03:00:00,36.68,40.03,47
2025-01-23T04:00:00,38.82,39.51,45
2025-01-23T05:00:00,36.36,40.10,43
2025-01-23T06:00:00,44.42,49.03,64
2025-01-23T07:00:00,51.45,47.98,70
2025-01-23T08:00:00,60.34,52.88,83
2025-01-23T09:00:00,70.33,66.80,123
2025-01-23T10:00:00,74.07,68.76,141
2025-01-23T11:00:00,66.95,65.55,131
2025-01-23T12:00:00,75.84,68.90,137
2025-01-23T13:00:00,86.42,72.25,141
2025-01-23T14:00:00,74.09,68.35,140
2025-01-23T15:00:00,80.65,71.86,141
2025-01-23T16:00:00,70.60,76.20,124
2025-01-23T17:00:00,74.38,69.99,131
2025-01-23T18:00:00,71.08,63.11,122
2025-01-23T19:00:00,50.22,48.49,77
2025-01-23T20:00:00,41.23,45.61,61
2025-01-23T21:00:00,50.54,44.85,62
2025-01-23T22:00:00,40.83,47.91,49
2025-01-23T23:00:00,38.80,45.33,48
2025-01-24T00:00:00,28.49,43.66,32
2025-01-24T01:00:00,34.44,39.60,45
2025-01-24T02:00:00,30.86,42.10,36
2025-01-24T03:00:00,37.50,36.69,44
2025-01-24T04:00:00,40.05,42.17,54
2025-01-24T05:00:00,38.01,48.69,49
2025-01-24T06:00:00,50.71,47.38,67
2025-01-24T07:00:00,48.02,54.66,82
2025-01-24T08:00:00,58.04,53.91,89
2025-01-24T09:00:00,67.60,63.83,126
2025-01-24T10:00:00,75.03,69.02,132
2025-01-24T11:00:00,76.08,62.97,138
2025-01-24T12:00:00,77.36,71.85,146
2025-01-24T13:00:00,76.19,65.60,133
2025-01-24T14:00:00,76.03,69.98,147
2025-01-24T15:00:00,73.99,66.02,136
2025-01-24T16:00:00,77.94,65.75,129
2025-01-24T17:00:00,74.26,57.72,109
2025-01-24T18:00:00,63.61,59.78,118
2025-01-24T19:00:00,60.92,50.21,81
2025-01-24T20:00:00,41.36,49.11,63
2025-01-24T21:00:00,48.79,50.80,77
2025-01-24T22:00:00,34.90,48.67,53
2025-01-24T23:00:00,35.39,40.32,38
2025-01-25T00:00:00,29.55,33.02,32
2025-01-25T01:00:00,38.31,38.34,46
2025-01-25T02:00:00,32.87,37.29,33
2025-01-25T03:00:00,30.62,35.22,41
2025-01-25T04:00:00,48.74,42.68,55
2025-01-25T05:00:00,34.95,40.49,63
2025-01-25T06:00:00,43.90,42.85,60
2025-01-25T07:00:00,56.19,51.20,89
2025-01-25T08:00:00,58.91,53.67,76
2025-01-25T09:00:00,58.31,48.36,88
2025-01-25T10:00:00,65.11,55.63,104
2025-01-25T11:00:00,61.08,54.58,108
2025-01-25T12:00:00,69.26,57.46,121
2025-01-25T13:00:00,63.73,60.11,102
2025-01-25T14:00:00,63.85,57.28,100
2025-01-25T15:00:00,66.71,56.14,101
2025-01-25T16:00:00,61.48,55.80,101
2025-01-25T17:00:00,64.94,52.13,106
2025-01-25T18:00:00,61.69,49.45,90
2025-01-25T19:00:00,54.17,44.27,73
2025-01-25T20:00:00,52.82,47.38,73
2025-01-25T21:00:00,41.21,48.13,56
2025-01-25T22:00:00,31.39,34.66,45
2025-01-25T23:00:00,28.92,33.70,45
2025-01-26T00:00:00,36.81,37.46,50
2025-01-26T01:00:00,41.32,43.71,54
2025-01-26T02:00:00,44.75,41.30,50
2025-01-26T03:00:00,39.57,43.72,48
2025-01-26T04:00:00,36.03,37.88,48
2025-01-26T05:00:00,51.67,45.14,78
2025-01-26T06:00:00,48.84,40.74,66
2025-01-26T07:00:00,50.27,51.14,83
2025-01-26T08:00:00,59.45,52.64,88
2025-01-26T09:00:00,61.90,50.21,83
2025-01-26T10:00:00,67.45,51.02,94
2025-01-26T11:00:00,55.48,52.78,101
2025-01-26T12:00:00,60.11,50.90,100
2025-01-26T13:00:00,68.42,56.39,109
2025-01-26T14:00:00,67.01,56.04,111
2025-01-26T15:00:00,64.62,57.27,105
2025-01-26T16:00:00,56.04,54.12,98
2025-01-26T17:00:00,63.23,51.93,92
2025-01-26T18:00:00,45.37,43.59,79
2025-01-26T19:00:00,53.67,48.66,82
2025-01-26T20:00:00,54.96,50.68,64
2025-01-26T21:00:00,46.73,41.51,67
2025-01-26T22:00:00,33.37,39.16,36
2025-01-26T23:00:00,30.27,28.93,38
2025-01-27T00:00:00,29.54,42.99,34
2025-01-27T01:00:00,29.19,36.37,27
2025-01-27T02:00:00,34.91,44.06,34
2025-01-27T03:00:00,31.46,44.05,41
2025-01-27T04:00:00,41.80,45.78,50
2025-01-27T05:00:00,42.19,49.21,57
2025-01-27T06:00:00,47.79,54.18,82
2025-01-27T07:00:00,52.67,51.08,73
2025-01-27T08:00:00,54.00,49.67,86
2025-01-27T09:00:00,72.13,66.48,128
2025-01-27T10:00:00,77.34,68.64,130
2025-01-27T11:00:00,81.10,72.14,136
2025-01-27T12:00:00,84.40,66.85,139
2025-01-27T13:00:00,83.89,68.26,141
2025-01-27T14:00:00,72.80,70.92,137
2025-01-27T15:00:00,77.39,71.07,149
2025-01-27T16:00:00,77.80,68.80,128
2025-01-27T17:00:00,66.46,62.93,124
2025-01-27T18:00:00,60.23,60.55,99
2025-01-27T19:00:00,52.08,58.23,93
2025-01-27T20:00:00,47.86,49.91,69
2025-01-27T21:00:00,49.42,47.68,65
2025-01-27T22:00:00,36.24,48.09,49
2025-01-27T23:00:00,33.91,41.21,48
2025-01-28T00:00:00,31.15,37.26,39
2025-01-28T01:00:00,32.21,36.41,25
2025-01-28T02:00:00,38.72,40.89,47
2025-01-28T03:00:00,33.80,36.59,35
2025-01-28T04:00:00,43.01,41.78,56
2025-01-28T05:00:00,36.50,37.66,40
2025-01-28T06:00:00,53.72,49.75,75
2025-01-28T07:00:00,59.30,55.24,82
2025-01-28T08:00:00,48.02,51.66,90
2025-01-28T09:00:00,72.96,62.10,122
2025-01-28T10:00:00,68.94,67.97,131
2025-01-28T11:00:00,77.36,67.37,137
2025-01-28T12:00:00,78.07,74.44,144
2025-01-28T13:00:00,84.83,72.34,142
2025-01-28T14:00:00,74.41,67.96,141
2025-01-28T15:00:00,85.68,70.30,142
2025-01-28T16:00:00,73.14,68.02,123
2025-01-28T17:00:00,59.66,64.80,118
2025-01-28T18:00:00,72.12,64.43,131
2025-01-28T19:00:00,47.85,51.72,73
2025-01-28T20:00:00,40.59,48.48,66
2025-01-28T21:00:00,35.00,43.21,50
2025-01-28T22:00:00,30.53,46.04,47
2025-01-28T23:00:00,30.17,38.17,44
2025-01-29T00:00:00,38.05,45.18,45
2025-01-29T01:00:00,33.17,39.76,37
2025-01-29T02:00:00,33.37,43.38,45
2025-01-29T03:00:00,40.71,42.91,53
2025-01-29T04:00:00,42.94,45.19,44
2025-01-29T05:00:00,33.53,41.92,43
2025-01-29T06:00:00,47.54,44.73,71
2025-01-29T07:00:00,48.03,49.16,77
2025-01-29T08:00:00,53.01,54.58,83
2025-01-29T09:00:00,69.88,62.21,124
2025-01-29T10:00:00,69.29,66.66,130
2025-01-29T11:00:00,74.75,67.63,132
2025-01-29T12:00:00,74.82,67.54,126
2025-01-29T13:00:00,74.25,66.54,139
2025-01-29T14:00:00,84.44,67.87,146
2025-01-29T15:00:00,78.32,70.70,141
2025-01-29T16:00:00,65.51,64.00,123
2025-01-29T17:00:00,78.63,69.50,131
2025-01-29T18:00:00,75.04,68.31,125
2025-01-29T19:00:00,44.17,52.12,73
2025-01-29T20:00:00,42.85,49.73,65
2025-01-29T21:00:00,41.97,39.51,57
2025-01-29T22:00:00,37.83,40.10,60
2025-01-29T23:00:00,28.77,42.62,40
2025-01-30T00:00:00,34.15,43.61,38
2025-01-30T01:00:00,31.99,34.96,37
2025-01-30T02:00:00,34.59,44.67,56
2025-01-30T03:00:00,39.17,37.52,45
2025-01-30T04:00:00,33.18,43.64,46
2025-01-30T05:00:00,34.68,43.53,58
2025-01-30T06:00:00,40.35,46.44,71
2025-01-30T07:00:00,45.68,60.37,85
2025-01-30T08:00:00,51.35,52.85,89
2025-01-30T09:00:00,72.40,61.33,123
2025-01-30T10:00:00,72.92,65.56,125
2025-01-30T11:00:00,69.80,74.90,141
2025-01-30T12:00:00,85.75,75.98,146
2025-01-30T13:00:00,77.84,72.71,142
2025-01-30T14:00:00,80.82,74.03,150
2025-01-30T15:00:00,79.69,68.20,139
2025-01-30T16:00:00,77.08,61.86,119
2025-01-30T17:00:00,70.19,68.70,129
2025-01-30T18:00:00,64.96,55.61,101
2025-01-30T19:00:00,53.65,51.84,73
2025-01-30T20:00:00,47.35,50.10,65
2025-01-30T21:00:00,46.74,48.25,63
2025-01-30T22:00:00,37.45,40.66,51
2025-01-30T23:00:00,25.48,33.79,26
